Workbook

Sheet 1
A3: Bond Price Term Structure at T=0
A11: Model Parameters
A13: K | B13: 0.2
B14: 0.08
B15: 0.02
A16: r(0) | B16: 0.05
A17: dt | B17: =1/12 -> 0.083333333
A19: T | B19: B(0,T) | C19: A(0,T) | D19: P(0,T) | E19: R(0,T)
A20: =1/252 -> 0.003968254 | B20: =(1-EXP(-$B$13*(A20-0)))/$B$13 -> 0.0039666797 | C20: =EXP((B20-A20-0)*($B$14-(($B$15*$B$15)/(2*$B$13*$B$13)))-(($B$15*B20)^2)/(4*$B$13)) -> 0.99999987 | D20: =C20*EXP(-B20*$B$16) -> 0.99980156 | E20: =-LN(D20)/A20 -> 0.050011901
A21: =1/12 -> 0.083333333 | B21: =(1-EXP(-$B$13*(A21-0)))/$B$13 -> 0.082642731 | C21: =EXP((B21-A21-0)*($B$14-(($B$15*$B$15)/(2*$B$13*$B$13)))-(($B$15*B21)^2)/(4*$B$13)) -> 0.99994479 | D21: =C21*EXP(-B21*$B$16) -> 0.99582141 | E21: =-LN(D21)/A21 -> 0.05024816
A22: =3/12 -> 0.25 | B22: =(1-EXP(-$B$13*(A22-0)))/$B$13 -> 0.24385288 | C22: =EXP((B22-A22-0)*($B$14-(($B$15*$B$15)/(2*$B$13*$B$13)))-(($B$15*B22)^2)/(4*$B$13)) -> 0.99950935 | D22: =C22*EXP(-B22*$B$16) -> 0.98739669 | E22: =-LN(D22)/A22 -> 0.050733641
A23: =6/12 -> 0.5 | B23: =(1-EXP(-$B$13*(A23-0)))/$B$13 -> 0.47581291 | C23: =EXP((B23-A23-0)*($B$14-(($B$15*$B$15)/(2*$B$13*$B$13)))-(($B$15*B23)^2)/(4*$B$13)) -> 0.99807463 | D23: =C23*EXP(-B23*$B$16) -> 0.97461001 | E23: =-LN(D23)/A23 -> 0.051435752
A24: 1 | B24: =(1-EXP(-$B$13*(A24-0)))/$B$13 -> 0.90634623 | C24: =EXP((B24-A24-0)*($B$14-(($B$15*$B$15)/(2*$B$13*$B$13)))-(($B$15*B24)^2)/(4*$B$13)) -> 0.99259281 | D24: =C24*EXP(-B24*$B$16) -> 0.94861517 | E24: =-LN(D24)/A24 -> 0.052752076
A25: 2 | B25: =(1-EXP(-$B$13*(A25-0)))/$B$13 -> 1.6483998 | C25: =EXP((B25-A25-0)*($B$14-(($B$15*$B$15)/(2*$B$13*$B$13)))-(($B$15*B25)^2)/(4*$B$13)) -> 0.97265228 | D25: =C25*EXP(-B25*$B$16) -> 0.89570101 | E25: =-LN(D25)/A25 -> 0.055074308
A26: 3 | B26: =(1-EXP(-$B$13*(A26-0)))/$B$13 -> 2.2559418 | C26: =EXP((B26-A26-0)*($B$14-(($B$15*$B$15)/(2*$B$13*$B$13)))-(($B$15*B26)^2)/(4*$B$13)) -> 0.94332067 | D26: =C26*EXP(-B26*$B$16) -> 0.84269845 | E26: =-LN(D26)/A26 -> 0.057048697
A27: 5 | B27: =(1-EXP(-$B$13*(A27-0)))/$B$13 -> 3.1606028 | C27: =EXP((B27-A27-0)*($B$14-(($B$15*$B$15)/(2*$B$13*$B$13)))-(($B$15*B27)^2)/(4*$B$13)) -> 0.86679785 | D27: =C27*EXP(-B27*$B$16) -> 0.74009284 | E27: =-LN(D27)/A27 -> 0.060195927
A28: 10 | B28: =(1-EXP(-$B$13*(A28-0)))/$B$13 -> 4.3233236 | C28: =EXP((B28-A28-0)*($B$14-(($B$15*$B$15)/(2*$B$13*$B$13)))-(($B$15*B28)^2)/(4*$B$13)) -> 0.64720234 | D28: =C28*EXP(-B28*$B$16) -> 0.52138712 | E28: =-LN(D28)/A28 -> 0.065126247
A29: 15 | B29: =(1-EXP(-$B$13*(A29-0)))/$B$13 -> 4.7510647 | C29: =EXP((B29-A29-0)*($B$14-(($B$15*$B$15)/(2*$B$13*$B$13)))-(($B$15*B29)^2)/(4*$B$13)) -> 0.45842597 | D29: =C29*EXP(-B29*$B$16) -> 0.36149405 | E29: =-LN(D29)/A29 -> 0.067833979
A30: 30 | B30: =(1-EXP(-$B$13*(A30-0)))/$B$13 -> 4.9876062 | C30: =EXP((B30-A30-0)*($B$14-(($B$15*$B$15)/(2*$B$13*$B$13)))-(($B$15*B30)^2)/(4*$B$13)) -> 0.15131861 | D30: =C30*EXP(-B30*$B$16) -> 0.11792011 | E30: =-LN(D30)/A30 -> 0.071258265
L32: K | M32: 0.2 | N32: 0.2 | O32: 0.2
M33: 0.08 | N33: 0.08 | O33: 0.05
M34: 0.02 | N34: 0.03 | O34: 0.02
L35: T | M35: R(0,T) | N35: R(0,T) | O35: R(0,T)
L36: =1/252 -> 0.003968254 | M36: 0.050011901 | N36: 0.050011899 | O36: 0.049999999
L37: =1/12 -> 0.083333333 | M37: 0.05024816 | N37: 0.050247588 | O37: 0.049999543
L38: =3/12 -> 0.25 | M38: 0.050733641 | N38: 0.050728623 | O38: 0.049995986
L39: =6/12 -> 0.5 | M39: 0.051435752 | N39: 0.051416411 | O39: 0.049984527
L40: 1 | M40: 0.052752076 | N40: 0.052680155 | O40: 0.049942463
L41: 2 | M41: 0.055074308 | N41: 0.054824689 | O41: 0.049800305
L42: 3 | M42: 0.057048697 | N42: 0.056558841 | O42: 0.049608115
L43: 5 | M43: 0.060195927 | N43: 0.059145357 | O43: 0.049159544
L44: 10 | M44: 0.065126247 | N44: 0.06274652 | O44: 0.048096218
L45: 15 | M45: 0.067833979 | N45: 0.064504115 | O45: 0.047336109
L46: 30 | M46: 0.071258265 | N46: 0.066565604 | O46: 0.046245871

Sheet 2
A3: Bond Price (Simulated) | J3: Simulated Analytical(affline Solution)
I4: P(0,1) | J4: =AVERAGE(B12:B1011) -> 0.94895081 | K4: ='1'!D24 -> 0.94861517
A5: B(T,t) = | I5: P(0,3) | J5: =AVERAGE(C12:C1011) -> 0.8437311 | K5: ='1'!D26 -> 0.84269845
I6: P(0,5) | J6: =AVERAGE(D12:D1011) -> 0.74149126 | K6: ='1'!D27 -> 0.74009284
A8: Assuming parameters are calibirated to reflect the risk neutral drift
A10: r(t) | B10: T=1 | C10: T=3 | D10: T=5 | E10: t0
A11: # | B11: exp(∑-dt*rt) | C11: exp(∑-dt*rt) | D11: exp(∑-dt*rt) | E11: 0 | F11: =E11+'1'!$B$17 -> 0.083333333 | G11: =F11+'1'!$B$17 -> 0.16666667 | H11: =G11+'1'!$B$17 -> 0.25 | I11: =H11+'1'!$B$17 -> 0.33333333 | J11: =I11+'1'!$B$17 -> 0.41666667 | K11: =J11+'1'!$B$17 -> 0.5 | L11: =K11+'1'!$B$17 -> 0.58333333 | M11: =L11+'1'!$B$17 -> 0.66666667 | ... BM11: =BL11+'1'!$B$17 -> 5
A12: 1 | B12: =EXP(-SUM(E12:P12)*'1'!$B$17) -> 0.94662677 | C12: =EXP(-SUM(E12:AN12)*'1'!$B$17) -> 0.85897194 | D12: =EXP(-SUM(E12:BL12)*'1'!$B$17) -> 0.76116598 | E12: 0.05 | F12: =E12+'1'!$B$13*('1'!$B$14-'2'!E12)*'1'!$B$17+'1'!$B$15*SQRT('1'!$B$17)*_xlfn.NORM.S.INV(RAND()) -> 0.046486764 | G12: =F12+'1'!$B$13*('1'!$B$14-'2'!F12)*'1'!$B$17+'1'!$B$15*SQRT('1'!$B$17)*_xlfn.NORM.S.INV(RAND()) -> 0.048097795 | H12: =G12+'1'!$B$13*('1'!$B$14-'2'!G12)*'1'!$B$17+'1'!$B$15*SQRT('1'!$B$17)*_xlfn.NORM.S.INV(RAND()) -> 0.044717387 | I12: =H12+'1'!$B$13*('1'!$B$14-'2'!H12)*'1'!$B$17+'1'!$B$15*SQRT('1'!$B$17)*_xlfn.NORM.S.INV(RAND()) -> 0.047969727 | J12: =I12+'1'!$B$13*('1'!$B$14-'2'!I12)*'1'!$B$17+'1'!$B$15*SQRT('1'!$B$17)*_xlfn.NORM.S.INV(RAND()) -> 0.054464081 | K12: =J12+'1'!$B$13*('1'!$B$14-'2'!J12)*'1'!$B$17+'1'!$B$15*SQRT('1'!$B$17)*_xlfn.NORM.S.INV(RAND()) -> 0.057114075 | L12: =K12+'1'!$B$13*('1'!$B$14-'2'!K12)*'1'!$B$17+'1'!$B$15*SQRT('1'!$B$17)*_xlfn.NORM.S.INV(RAND()) -> 0.053919179 | M12: =L12+'1'!$B$13*('1'!$B$14-'2'!L12)*'1'!$B$17+'1'!$B$15*SQRT('1'!$B$17)*_xlfn.NORM.S.INV(RAND()) -> 0.061726419 | ... BM12: =BL12+'1'!$B$13*('1'!$B$14-'2'!BL12)*'1'!$B$17+'1'!$B$15*SQRT('1'!$B$17)*_xlfn.NORM.S.INV(RAND()) -> 0.061758194
A13: 2 | B13: =EXP(-SUM(E13:P13)*'1'!$B$17) -> 0.9537116 | C13: =EXP(-SUM(E13:AN13)*'1'!$B$17) -> 0.90238023 | D13: =EXP(-SUM(E13:BL13)*'1'!$B$17) -> 0.9014347 | E13: 0.05 | F13: =E13+'1'!$B$13*('1'!$B$14-'2'!E13)*'1'!$B$17+'1'!$B$15*SQRT('1'!$B$17)*_xlfn.NORM.S.INV(RAND()) -> 0.050030968 | G13: =F13+'1'!$B$13*('1'!$B$14-'2'!F13)*'1'!$B$17+'1'!$B$15*SQRT('1'!$B$17)*_xlfn.NORM.S.INV(RAND()) -> 0.046212156 | H13: =G13+'1'!$B$13*('1'!$B$14-'2'!G13)*'1'!$B$17+'1'!$B$15*SQRT('1'!$B$17)*_xlfn.NORM.S.INV(RAND()) -> 0.043241419 | I13: =H13+'1'!$B$13*('1'!$B$14-'2'!H13)*'1'!$B$17+'1'!$B$15*SQRT('1'!$B$17)*_xlfn.NORM.S.INV(RAND()) -> 0.043534122 | J13: =I13+'1'!$B$13*('1'!$B$14-'2'!I13)*'1'!$B$17+'1'!$B$15*SQRT('1'!$B$17)*_xlfn.NORM.S.INV(RAND()) -> 0.044652376 | K13: =J13+'1'!$B$13*('1'!$B$14-'2'!J13)*'1'!$B$17+'1'!$B$15*SQRT('1'!$B$17)*_xlfn.NORM.S.INV(RAND()) -> 0.050212133 | L13: =K13+'1'!$B$13*('1'!$B$14-'2'!K13)*'1'!$B$17+'1'!$B$15*SQRT('1'!$B$17)*_xlfn.NORM.S.INV(RAND()) -> 0.048180895 | M13: =L13+'1'!$B$13*('1'!$B$14-'2'!L13)*'1'!$B$17+'1'!$B$15*SQRT('1'!$B$17)*_xlfn.NORM.S.INV(RAND()) -> 0.042113466 | ... BM13: =BL13+'1'!$B$13*('1'!$B$14-'2'!BL13)*'1'!$B$17+'1'!$B$15*SQRT('1'!$B$17)*_xlfn.NORM.S.INV(RAND()) -> 0.011025651
A14: 3 | B14: =EXP(-SUM(E14:P14)*'1'!$B$17) -> 0.95812717 | C14: =EXP(-SUM(E14:AN14)*'1'!$B$17) -> 0.8676082 | D14: =EXP(-SUM(E14:BL14)*'1'!$B$17) -> 0.78401173 | E14: 0.05 | F14: =E14+'1'!$B$13*('1'!$B$14-'2'!E14)*'1'!$B$17+'1'!$B$15*SQRT('1'!$B$17)*_xlfn.NORM.S.INV(RAND()) -> 0.04297462 | G14: =F14+'1'!$B$13*('1'!$B$14-'2'!F14)*'1'!$B$17+'1'!$B$15*SQRT('1'!$B$17)*_xlfn.NORM.S.INV(RAND()) -> 0.04891311 | H14: =G14+'1'!$B$13*('1'!$B$14-'2'!G14)*'1'!$B$17+'1'!$B$15*SQRT('1'!$B$17)*_xlfn.NORM.S.INV(RAND()) -> 0.049219353 | I14: =H14+'1'!$B$13*('1'!$B$14-'2'!H14)*'1'!$B$17+'1'!$B$15*SQRT('1'!$B$17)*_xlfn.NORM.S.INV(RAND()) -> 0.039366239 | J14: =I14+'1'!$B$13*('1'!$B$14-'2'!I14)*'1'!$B$17+'1'!$B$15*SQRT('1'!$B$17)*_xlfn.NORM.S.INV(RAND()) -> 0.03392419 | K14: =J14+'1'!$B$13*('1'!$B$14-'2'!J14)*'1'!$B$17+'1'!$B$15*SQRT('1'!$B$17)*_xlfn.NORM.S.INV(RAND()) -> 0.041687787 | L14: =K14+'1'!$B$13*('1'!$B$14-'2'!K14)*'1'!$B$17+'1'!$B$15*SQRT('1'!$B$17)*_xlfn.NORM.S.INV(RAND()) -> 0.043301192 | M14: =L14+'1'!$B$13*('1'!$B$14-'2'!L14)*'1'!$B$17+'1'!$B$15*SQRT('1'!$B$17)*_xlfn.NORM.S.INV(RAND()) -> 0.042545171 | ... BM14: =BL14+'1'!$B$13*('1'!$B$14-'2'!BL14)*'1'!$B$17+'1'!$B$15*SQRT('1'!$B$17)*_xlfn.NORM.S.INV(RAND()) -> 0.059342633
A15: 4 | B15: =EXP(-SUM(E15:P15)*'1'!$B$17) -> 0.95351552 | C15: =EXP(-SUM(E15:AN15)*'1'!$B$17) -> 0.85754411 | D15: =EXP(-SUM(E15:BL15)*'1'!$B$17) -> 0.76978569 | E15: 0.05 | F15: =E15+'1'!$B$13*('1'!$B$14-'2'!E15)*'1'!$B$17+'1'!$B$15*SQRT('1'!$B$17)*_xlfn.NORM.S.INV(RAND()) -> 0.046507451 | G15: =F15+'1'!$B$13*('1'!$B$14-'2'!F15)*'1'!$B$17+'1'!$B$15*SQRT('1'!$B$17)*_xlfn.NORM.S.INV(RAND()) -> 0.04456085 | H15: =G15+'1'!$B$13*('1'!$B$14-'2'!G15)*'1'!$B$17+'1'!$B$15*SQRT('1'!$B$17)*_xlfn.NORM.S.INV(RAND()) -> 0.044129015 | I15: =H15+'1'!$B$13*('1'!$B$14-'2'!H15)*'1'!$B$17+'1'!$B$15*SQRT('1'!$B$17)*_xlfn.NORM.S.INV(RAND()) -> 0.045761125 | J15: =I15+'1'!$B$13*('1'!$B$14-'2'!I15)*'1'!$B$17+'1'!$B$15*SQRT('1'!$B$17)*_xlfn.NORM.S.INV(RAND()) -> 0.051033936 | K15: =J15+'1'!$B$13*('1'!$B$14-'2'!J15)*'1'!$B$17+'1'!$B$15*SQRT('1'!$B$17)*_xlfn.NORM.S.INV(RAND()) -> 0.052955099 | L15: =K15+'1'!$B$13*('1'!$B$14-'2'!K15)*'1'!$B$17+'1'!$B$15*SQRT('1'!$B$17)*_xlfn.NORM.S.INV(RAND()) -> 0.051863284 | M15: =L15+'1'!$B$13*('1'!$B$14-'2'!L15)*'1'!$B$17+'1'!$B$15*SQRT('1'!$B$17)*_xlfn.NORM.S.INV(RAND()) -> 0.044850104 | ... BM15: =BL15+'1'!$B$13*('1'!$B$14-'2'!BL15)*'1'!$B$17+'1'!$B$15*SQRT('1'!$B$17)*_xlfn.NORM.S.INV(RAND()) -> 0.048863644
A16: 5 | B16: =EXP(-SUM(E16:P16)*'1'!$B$17) -> 0.93563697 | C16: =EXP(-SUM(E16:AN16)*'1'!$B$17) -> 0.83457865 | D16: =EXP(-SUM(E16:BL16)*'1'!$B$17) -> 0.75866426 | E16: 0.05 | F16: =E16+'1'!$B$13*('1'!$B$14-'2'!E16)*'1'!$B$17+'1'!$B$15*SQRT('1'!$B$17)*_xlfn.NORM.S.INV(RAND()) -> 0.054920298 | G16: =F16+'1'!$B$13*('1'!$B$14-'2'!F16)*'1'!$B$17+'1'!$B$15*SQRT('1'!$B$17)*_xlfn.NORM.S.INV(RAND()) -> 0.062375047 | H16: =G16+'1'!$B$13*('1'!$B$14-'2'!G16)*'1'!$B$17+'1'!$B$15*SQRT('1'!$B$17)*_xlfn.NORM.S.INV(RAND()) -> 0.062477102 | I16: =H16+'1'!$B$13*('1'!$B$14-'2'!H16)*'1'!$B$17+'1'!$B$15*SQRT('1'!$B$17)*_xlfn.NORM.S.INV(RAND()) -> 0.07224678 | J16: =I16+'1'!$B$13*('1'!$B$14-'2'!I16)*'1'!$B$17+'1'!$B$15*SQRT('1'!$B$17)*_xlfn.NORM.S.INV(RAND()) -> 0.072995433 | K16: =J16+'1'!$B$13*('1'!$B$14-'2'!J16)*'1'!$B$17+'1'!$B$15*SQRT('1'!$B$17)*_xlfn.NORM.S.INV(RAND()) -> 0.075499781 | L16: =K16+'1'!$B$13*('1'!$B$14-'2'!K16)*'1'!$B$17+'1'!$B$15*SQRT('1'!$B$17)*_xlfn.NORM.S.INV(RAND()) -> 0.067448232 | M16: =L16+'1'!$B$13*('1'!$B$14-'2'!L16)*'1'!$B$17+'1'!$B$15*SQRT('1'!$B$17)*_xlfn.NORM.S.INV(RAND()) -> 0.06530928 | ... BM16: =BL16+'1'!$B$13*('1'!$B$14-'2'!BL16)*'1'!$B$17+'1'!$B$15*SQRT('1'!$B$17)*_xlfn.NORM.S.INV(RAND()) -> 0.069109839
A17: 6 | B17: =EXP(-SUM(E17:P17)*'1'!$B$17) -> 0.95513272 | C17: =EXP(-SUM(E17:AN17)*'1'!$B$17) -> 0.8741683 | D17: =EXP(-SUM(E17:BL17)*'1'!$B$17) -> 0.78088914 | E17: 0.05 | F17: =E17+'1'!$B$13*('1'!$B$14-'2'!E17)*'1'!$B$17+'1'!$B$15*SQRT('1'!$B$17)*_xlfn.NORM.S.INV(RAND()) -> 0.048615785 | G17: =F17+'1'!$B$13*('1'!$B$14-'2'!F17)*'1'!$B$17+'1'!$B$15*SQRT('1'!$B$17)*_xlfn.NORM.S.INV(RAND()) -> 0.044951787 | H17: =G17+'1'!$B$13*('1'!$B$14-'2'!G17)*'1'!$B$17+'1'!$B$15*SQRT('1'!$B$17)*_xlfn.NORM.S.INV(RAND()) -> 0.045173081 | I17: =H17+'1'!$B$13*('1'!$B$14-'2'!H17)*'1'!$B$17+'1'!$B$15*SQRT('1'!$B$17)*_xlfn.NORM.S.INV(RAND()) -> 0.043916303 | J17: =I17+'1'!$B$13*('1'!$B$14-'2'!I17)*'1'!$B$17+'1'!$B$15*SQRT('1'!$B$17)*_xlfn.NORM.S.INV(RAND()) -> 0.052447277 | K17: =J17+'1'!$B$13*('1'!$B$14-'2'!J17)*'1'!$B$17+'1'!$B$15*SQRT('1'!$B$17)*_xlfn.NORM.S.INV(RAND()) -> 0.048947512 | L17: =K17+'1'!$B$13*('1'!$B$14-'2'!K17)*'1'!$B$17+'1'!$B$15*SQRT('1'!$B$17)*_xlfn.NORM.S.INV(RAND()) -> 0.047572422 | M17: =L17+'1'!$B$13*('1'!$B$14-'2'!L17)*'1'!$B$17+'1'!$B$15*SQRT('1'!$B$17)*_xlfn.NORM.S.INV(RAND()) -> 0.048726214 | ... BM17: =BL17+'1'!$B$13*('1'!$B$14-'2'!BL17)*'1'!$B$17+'1'!$B$15*SQRT('1'!$B$17)*_xlfn.NORM.S.INV(RAND()) -> 0.06246041
A18: 7 | B18: =EXP(-SUM(E18:P18)*'1'!$B$17) -> 0.9398359 | C18: =EXP(-SUM(E18:AN18)*'1'!$B$17) -> 0.7900937 | D18: =EXP(-SUM(E18:BL18)*'1'!$B$17) -> 0.6550493 | E18: 0.05 | F18: =E18+'1'!$B$13*('1'!$B$14-'2'!E18)*'1'!$B$17+'1'!$B$15*SQRT('1'!$B$17)*_xlfn.NORM.S.INV(RAND()) -> 0.055415082 | G18: =F18+'1'!$B$13*('1'!$B$14-'2'!F18)*'1'!$B$17+'1'!$B$15*SQRT('1'!$B$17)*_xlfn.NORM.S.INV(RAND()) -> 0.061808482 | H18: =G18+'1'!$B$13*('1'!$B$14-'2'!G18)*'1'!$B$17+'1'!$B$15*SQRT('1'!$B$17)*_xlfn.NORM.S.INV(RAND()) -> 0.071925877 | I18: =H18+'1'!$B$13*('1'!$B$14-'2'!H18)*'1'!$B$17+'1'!$B$15*SQRT('1'!$B$17)*_xlfn.NORM.S.INV(RAND()) -> 0.056951121 | J18: =I18+'1'!$B$13*('1'!$B$14-'2'!I18)*'1'!$B$17+'1'!$B$15*SQRT('1'!$B$17)*_xlfn.NORM.S.INV(RAND()) -> 0.055906674 | K18: =J18+'1'!$B$13*('1'!$B$14-'2'!J18)*'1'!$B$17+'1'!$B$15*SQRT('1'!$B$17)*_xlfn.NORM.S.INV(RAND()) -> 0.05273728 | L18: =K18+'1'!$B$13*('1'!$B$14-'2'!K18)*'1'!$B$17+'1'!$B$15*SQRT('1'!$B$17)*_xlfn.NORM.S.INV(RAND()) -> 0.055533418 | M18: =L18+'1'!$B$13*('1'!$B$14-'2'!L18)*'1'!$B$17+'1'!$B$15*SQRT('1'!$B$17)*_xlfn.NORM.S.INV(RAND()) -> 0.057987683 | ... BM18: =BL18+'1'!$B$13*('1'!$B$14-'2'!BL18)*'1'!$B$17+'1'!$B$15*SQRT('1'!$B$17)*_xlfn.NORM.S.INV(RAND()) -> 0.10873952
A19: 8 | B19: =EXP(-SUM(E19:P19)*'1'!$B$17) -> 0.93933265 | C19: =EXP(-SUM(E19:AN19)*'1'!$B$17) -> 0.83517612 | D19: =EXP(-SUM(E19:BL19)*'1'!$B$17) -> 0.81964016 | E19: 0.05 | F19: =E19+'1'!$B$13*('1'!$B$14-'2'!E19)*'1'!$B$17+'1'!$B$15*SQRT('1'!$B$17)*_xlfn.NORM.S.INV(RAND()) -> 0.048074531 | G19: =F19+'1'!$B$13*('1'!$B$14-'2'!F19)*'1'!$B$17+'1'!$B$15*SQRT('1'!$B$17)*_xlfn.NORM.S.INV(RAND()) -> 0.056055839 | H19: =G19+'1'!$B$13*('1'!$B$14-'2'!G19)*'1'!$B$17+'1'!$B$15*SQRT('1'!$B$17)*_xlfn.NORM.S.INV(RAND()) -> 0.064941337 | I19: =H19+'1'!$B$13*('1'!$B$14-'2'!H19)*'1'!$B$17+'1'!$B$15*SQRT('1'!$B$17)*_xlfn.NORM.S.INV(RAND()) -> 0.059025654 | J19: =I19+'1'!$B$13*('1'!$B$14-'2'!I19)*'1'!$B$17+'1'!$B$15*SQRT('1'!$B$17)*_xlfn.NORM.S.INV(RAND()) -> 0.061192748 | K19: =J19+'1'!$B$13*('1'!$B$14-'2'!J19)*'1'!$B$17+'1'!$B$15*SQRT('1'!$B$17)*_xlfn.NORM.S.INV(RAND()) -> 0.058740415 | L19: =K19+'1'!$B$13*('1'!$B$14-'2'!K19)*'1'!$B$17+'1'!$B$15*SQRT('1'!$B$17)*_xlfn.NORM.S.INV(RAND()) -> 0.069598007 | M19: =L19+'1'!$B$13*('1'!$B$14-'2'!L19)*'1'!$B$17+'1'!$B$15*SQRT('1'!$B$17)*_xlfn.NORM.S.INV(RAND()) -> 0.072003373 | ... BM19: =BL19+'1'!$B$13*('1'!$B$14-'2'!BL19)*'1'!$B$17+'1'!$B$15*SQRT('1'!$B$17)*_xlfn.NORM.S.INV(RAND()) -> -0.0001747401
A20: 9 | B20: =EXP(-SUM(E20:P20)*'1'!$B$17) -> 0.94132479 | C20: =EXP(-SUM(E20:AN20)*'1'!$B$17) -> 0.82696657 | D20: =EXP(-SUM(E20:BL20)*'1'!$B$17) -> 0.70226884 | E20: 0.05 | F20: =E20+'1'!$B$13*('1'!$B$14-'2'!E20)*'1'!$B$17+'1'!$B$15*SQRT('1'!$B$17)*_xlfn.NORM.S.INV(RAND()) -> 0.041371774 | G20: =F20+'1'!$B$13*('1'!$B$14-'2'!F20)*'1'!$B$17+'1'!$B$15*SQRT('1'!$B$17)*_xlfn.NORM.S.INV(RAND()) -> 0.051733245 | H20: =G20+'1'!$B$13*('1'!$B$14-'2'!G20)*'1'!$B$17+'1'!$B$15*SQRT('1'!$B$17)*_xlfn.NORM.S.INV(RAND()) -> 0.053510162 | I20: =H20+'1'!$B$13*('1'!$B$14-'2'!H20)*'1'!$B$17+'1'!$B$15*SQRT('1'!$B$17)*_xlfn.NORM.S.INV(RAND()) -> 0.058770259 | J20: =I20+'1'!$B$13*('1'!$B$14-'2'!I20)*'1'!$B$17+'1'!$B$15*SQRT('1'!$B$17)*_xlfn.NORM.S.INV(RAND()) -> 0.055254672 | K20: =J20+'1'!$B$13*('1'!$B$14-'2'!J20)*'1'!$B$17+'1'!$B$15*SQRT('1'!$B$17)*_xlfn.NORM.S.INV(RAND()) -> 0.056785547 | L20: =K20+'1'!$B$13*('1'!$B$14-'2'!K20)*'1'!$B$17+'1'!$B$15*SQRT('1'!$B$17)*_xlfn.NORM.S.INV(RAND()) -> 0.062143639 | M20: =L20+'1'!$B$13*('1'!$B$14-'2'!L20)*'1'!$B$17+'1'!$B$15*SQRT('1'!$B$17)*_xlfn.NORM.S.INV(RAND()) -> 0.072647178 | ... BM20: =BL20+'1'!$B$13*('1'!$B$14-'2'!BL20)*'1'!$B$17+'1'!$B$15*SQRT('1'!$B$17)*_xlfn.NORM.S.INV(RAND()) -> 0.082861982
A21: 10 | B21: =EXP(-SUM(E21:P21)*'1'!$B$17) -> 0.94617311 | C21: =EXP(-SUM(E21:AN21)*'1'!$B$17) -> 0.82738447 | D21: =EXP(-SUM(E21:BL21)*'1'!$B$17) -> 0.69693692 | E21: 0.05 | F21: =E21+'1'!$B$13*('1'!$B$14-'2'!E21)*'1'!$B$17+'1'!$B$15*SQRT('1'!$B$17)*_xlfn.NORM.S.INV(RAND()) -> 0.048457182 | G21: =F21+'1'!$B$13*('1'!$B$14-'2'!F21)*'1'!$B$17+'1'!$B$15*SQRT('1'!$B$17)*_xlfn.NORM.S.INV(RAND()) -> 0.047805061 | H21: =G21+'1'!$B$13*('1'!$B$14-'2'!G21)*'1'!$B$17+'1'!$B$15*SQRT('1'!$B$17)*_xlfn.NORM.S.INV(RAND()) -> 0.047423045 | I21: =H21+'1'!$B$13*('1'!$B$14-'2'!H21)*'1'!$B$17+'1'!$B$15*SQRT('1'!$B$17)*_xlfn.NORM.S.INV(RAND()) -> 0.049006448 | J21: =I21+'1'!$B$13*('1'!$B$14-'2'!I21)*'1'!$B$17+'1'!$B$15*SQRT('1'!$B$17)*_xlfn.NORM.S.INV(RAND()) -> 0.044785727 | K21: =J21+'1'!$B$13*('1'!$B$14-'2'!J21)*'1'!$B$17+'1'!$B$15*SQRT('1'!$B$17)*_xlfn.NORM.S.INV(RAND()) -> 0.053178224 | L21: =K21+'1'!$B$13*('1'!$B$14-'2'!K21)*'1'!$B$17+'1'!$B$15*SQRT('1'!$B$17)*_xlfn.NORM.S.INV(RAND()) -> 0.063597141 | M21: =L21+'1'!$B$13*('1'!$B$14-'2'!L21)*'1'!$B$17+'1'!$B$15*SQRT('1'!$B$17)*_xlfn.NORM.S.INV(RAND()) -> 0.062622696 | ... BM21: =BL21+'1'!$B$13*('1'!$B$14-'2'!BL21)*'1'!$B$17+'1'!$B$15*SQRT('1'!$B$17)*_xlfn.NORM.S.INV(RAND()) -> 0.10554818
A22: 11 | B22: =EXP(-SUM(E22:P22)*'1'!$B$17) -> 0.95433684 | C22: =EXP(-SUM(E22:AN22)*'1'!$B$17) -> 0.86827223 | D22: =EXP(-SUM(E22:BL22)*'1'!$B$17) -> 0.78567033 | E22: 0.05 | F22: =E22+'1'!$B$13*('1'!$B$14-'2'!E22)*'1'!$B$17+'1'!$B$15*SQRT('1'!$B$17)*_xlfn.NORM.S.INV(RAND()) -> 0.049251002 | G22: =F22+'1'!$B$13*('1'!$B$14-'2'!F22)*'1'!$B$17+'1'!$B$15*SQRT('1'!$B$17)*_xlfn.NORM.S.INV(RAND()) -> 0.045127326 | H22: =G22+'1'!$B$13*('1'!$B$14-'2'!G22)*'1'!$B$17+'1'!$B$15*SQRT('1'!$B$17)*_xlfn.NORM.S.INV(RAND()) -> 0.044364169 | I22: =H22+'1'!$B$13*('1'!$B$14-'2'!H22)*'1'!$B$17+'1'!$B$15*SQRT('1'!$B$17)*_xlfn.NORM.S.INV(RAND()) -> 0.042492122 | J22: =I22+'1'!$B$13*('1'!$B$14-'2'!I22)*'1'!$B$17+'1'!$B$15*SQRT('1'!$B$17)*_xlfn.NORM.S.INV(RAND()) -> 0.039897877 | K22: =J22+'1'!$B$13*('1'!$B$14-'2'!J22)*'1'!$B$17+'1'!$B$15*SQRT('1'!$B$17)*_xlfn.NORM.S.INV(RAND()) -> 0.041857253 | L22: =K22+'1'!$B$13*('1'!$B$14-'2'!K22)*'1'!$B$17+'1'!$B$15*SQRT('1'!$B$17)*_xlfn.NORM.S.INV(RAND()) -> 0.044496819 | M22: =L22+'1'!$B$13*('1'!$B$14-'2'!L22)*'1'!$B$17+'1'!$B$15*SQRT('1'!$B$17)*_xlfn.NORM.S.INV(RAND()) -> 0.049681561 | ... BM22: =BL22+'1'!$B$13*('1'!$B$14-'2'!BL22)*'1'!$B$17+'1'!$B$15*SQRT('1'!$B$17)*_xlfn.NORM.S.INV(RAND()) -> 0.063015016
A23: 12 | B23: =EXP(-SUM(E23:P23)*'1'!$B$17) -> 0.96443091 | C23: =EXP(-SUM(E23:AN23)*'1'!$B$17) -> 0.88113785 | D23: =EXP(-SUM(E23:BL23)*'1'!$B$17) -> 0.74343506 | E23: 0.05 | F23: =E23+'1'!$B$13*('1'!$B$14-'2'!E23)*'1'!$B$17+'1'!$B$15*SQRT('1'!$B$17)*_xlfn.NORM.S.INV(RAND()) -> 0.043185624 | G23: =F23+'1'!$B$13*('1'!$B$14-'2'!F23)*'1'!$B$17+'1'!$B$15*SQRT('1'!$B$17)*_xlfn.NORM.S.INV(RAND()) -> 0.036892534 | H23: =G23+'1'!$B$13*('1'!$B$14-'2'!G23)*'1'!$B$17+'1'!$B$15*SQRT('1'!$B$17)*_xlfn.NORM.S.INV(RAND()) -> 0.032114518 | I23: =H23+'1'!$B$13*('1'!$B$14-'2'!H23)*'1'!$B$17+'1'!$B$15*SQRT('1'!$B$17)*_xlfn.NORM.S.INV(RAND()) -> 0.030150362 | J23: =I23+'1'!$B$13*('1'!$B$14-'2'!I23)*'1'!$B$17+'1'!$B$15*SQRT('1'!$B$17)*_xlfn.NORM.S.INV(RAND()) -> 0.037421731 | K23: =J23+'1'!$B$13*('1'!$B$14-'2'!J23)*'1'!$B$17+'1'!$B$15*SQRT('1'!$B$17)*_xlfn.NORM.S.INV(RAND()) -> 0.035832724 | L23: =K23+'1'!$B$13*('1'!$B$14-'2'!K23)*'1'!$B$17+'1'!$B$15*SQRT('1'!$B$17)*_xlfn.NORM.S.INV(RAND()) -> 0.039726345 | M23: =L23+'1'!$B$13*('1'!$B$14-'2'!L23)*'1'!$B$17+'1'!$B$15*SQRT('1'!$B$17)*_xlfn.NORM.S.INV(RAND()) -> 0.033373791 | ... BM23: =BL23+'1'!$B$13*('1'!$B$14-'2'!BL23)*'1'!$B$17+'1'!$B$15*SQRT('1'!$B$17)*_xlfn.NORM.S.INV(RAND()) -> 0.084805398
... A1211: 1200 | B1211: =EXP(-SUM(E1211:P1211)*'1'!$B$17) -> 0.94960177 | C1211: =EXP(-SUM(E1211:AN1211)*'1'!$B$17) -> 0.85239564 | D1211: =EXP(-SUM(E1211:BL1211)*'1'!$B$17) -> 0.76666547 | E1211: 0.05 | F1211: =E1211+'1'!$B$13*('1'!$B$14-'2'!E1211)*'1'!$B$17+'1'!$B$15*SQRT('1'!$B$17)*_xlfn.NORM.S.INV(RAND()) -> 0.058433724 | G1211: =F1211+'1'!$B$13*('1'!$B$14-'2'!F1211)*'1'!$B$17+'1'!$B$15*SQRT('1'!$B$17)*_xlfn.NORM.S.INV(RAND()) -> 0.043444595 | H1211: =G1211+'1'!$B$13*('1'!$B$14-'2'!G1211)*'1'!$B$17+'1'!$B$15*SQRT('1'!$B$17)*_xlfn.NORM.S.INV(RAND()) -> 0.046082484 | I1211: =H1211+'1'!$B$13*('1'!$B$14-'2'!H1211)*'1'!$B$17+'1'!$B$15*SQRT('1'!$B$17)*_xlfn.NORM.S.INV(RAND()) -> 0.045522475 | J1211: =I1211+'1'!$B$13*('1'!$B$14-'2'!I1211)*'1'!$B$17+'1'!$B$15*SQRT('1'!$B$17)*_xlfn.NORM.S.INV(RAND()) -> 0.045185348 | K1211: =J1211+'1'!$B$13*('1'!$B$14-'2'!J1211)*'1'!$B$17+'1'!$B$15*SQRT('1'!$B$17)*_xlfn.NORM.S.INV(RAND()) -> 0.040256773 | L1211: =K1211+'1'!$B$13*('1'!$B$14-'2'!K1211)*'1'!$B$17+'1'!$B$15*SQRT('1'!$B$17)*_xlfn.NORM.S.INV(RAND()) -> 0.048519982 | M1211: =L1211+'1'!$B$13*('1'!$B$14-'2'!L1211)*'1'!$B$17+'1'!$B$15*SQRT('1'!$B$17)*_xlfn.NORM.S.INV(RAND()) -> 0.053977535 | ... BM1211: =BL1211+'1'!$B$13*('1'!$B$14-'2'!BL1211)*'1'!$B$17+'1'!$B$15*SQRT('1'!$B$17)*_xlfn.NORM.S.INV(RAND()) -> 0.057877984
